{"cameraMode":{"drawMode":0,"name":"Shaded","section":"Shading Mode"},"sceneLighting":true,"audioPlay":false,"sceneViewState":{"showFog":true,"showMaterialUpdate":false,"showSkybox":true,"showFlares":true,"showImageEffects":true,"showParticleSystems":true},"in2DMode":false,"pivot":{"x":-35.00739288330078,"y":-2.1747143268585207,"z":-1.3154014348983765},"rotation":{"x":-0.09588811546564102,"y":-0.7489266395568848,"z":0.11113381385803223,"w":-0.6461916565895081},"size":15.54096508026123,"orthographic":false}