{"cameraMode":{"drawMode":0,"name":"Shaded","section":"Shading Mode"},"sceneLighting":true,"audioPlay":false,"sceneViewState":{"showFog":true,"showMaterialUpdate":false,"showSkybox":true,"showFlares":true,"showImageEffects":true,"showParticleSystems":true},"in2DMode":false,"pivot":{"x":-33.869998931884769,"y":0.6100000143051148,"z":-0.04100000858306885},"rotation":{"x":-0.22787272930145265,"y":-0.6416425704956055,"z":0.2082381248474121,"w":-0.7021437287330627},"size":6.881216049194336,"orthographic":false}